-- --------------------------------------------------------
-- Hôte:                         127.0.0.1
-- Version du serveur:           8.0.30 - MySQL Community Server - GPL
-- SE du serveur:                Win64
-- HeidiSQL Version:             12.1.0.6537
-- --------------------------------------------------------

/*!40101 SET @OLD_CHARACTER_SET_CLIENT=@@CHARACTER_SET_CLIENT */;
/*!40101 SET NAMES utf8 */;
/*!50503 SET NAMES utf8mb4 */;
/*!40103 SET @OLD_TIME_ZONE=@@TIME_ZONE */;
/*!40103 SET TIME_ZONE='+00:00' */;
/*!40014 SET @OLD_FOREIGN_KEY_CHECKS=@@FOREIGN_KEY_CHECKS, FOREIGN_KEY_CHECKS=0 */;
/*!40101 SET @OLD_SQL_MODE=@@SQL_MODE, SQL_MODE='NO_AUTO_VALUE_ON_ZERO' */;
/*!40111 SET @OLD_SQL_NOTES=@@SQL_NOTES, SQL_NOTES=0 */;


-- Listage de la structure de la base pour fe_engage_bond_ring
CREATE DATABASE IF NOT EXISTS `fe_engage_bond_ring` /*!40100 DEFAULT CHARACTER SET utf8mb4 COLLATE utf8mb4_bin */ /*!80016 DEFAULT ENCRYPTION='N' */;
USE `fe_engage_bond_ring`;

-- Listage de la structure de table fe_engage_bond_ring. anneau
CREATE TABLE IF NOT EXISTS `anneau` (
  `idAnneau` int NOT NULL AUTO_INCREMENT,
  `lettre` varchar(50) COLLATE utf8mb4_bin NOT NULL,
  PRIMARY KEY (`idAnneau`)
) ENGINE=InnoDB AUTO_INCREMENT=5 DEFAULT CHARSET=utf8mb4 COLLATE=utf8mb4_bin;

-- Listage des données de la table fe_engage_bond_ring.anneau : ~0 rows (environ)
INSERT INTO `anneau` (`idAnneau`, `lettre`) VALUES
	(1, 'C'),
	(2, 'B'),
	(3, 'A'),
	(4, 'S');

-- Listage de la structure de table fe_engage_bond_ring. emblem
CREATE TABLE IF NOT EXISTS `emblem` (
  `idEmblem` int NOT NULL AUTO_INCREMENT,
  `perso` varchar(50) COLLATE utf8mb4_bin NOT NULL,
  PRIMARY KEY (`idEmblem`)
) ENGINE=InnoDB AUTO_INCREMENT=13 DEFAULT CHARSET=utf8mb4 COLLATE=utf8mb4_bin;

-- Listage des données de la table fe_engage_bond_ring.emblem : ~0 rows (environ)
INSERT INTO `emblem` (`idEmblem`, `perso`) VALUES
	(1, 'Marth'),
	(2, 'Celica'),
	(3, 'Sigurd'),
	(4, 'Leif'),
	(5, 'Roy'),
	(6, 'Lyn'),
	(7, 'Eirika'),
	(8, 'Ike'),
	(9, 'Micaiah'),
	(10, 'Lucina'),
	(11, 'Corrin'),
	(12, 'Byleth');

-- Listage de la structure de table fe_engage_bond_ring. heros
CREATE TABLE IF NOT EXISTS `heros` (
  `idHeros` int NOT NULL AUTO_INCREMENT,
  `emplacement` int NOT NULL,
  `nom` varchar(50) COLLATE utf8mb4_bin NOT NULL,
  `idEmblem` int NOT NULL,
  PRIMARY KEY (`idHeros`),
  KEY `idEmblem` (`idEmblem`) USING BTREE,
  CONSTRAINT `heros_ibfk_1` FOREIGN KEY (`idEmblem`) REFERENCES `emblem` (`idEmblem`)
) ENGINE=InnoDB AUTO_INCREMENT=121 DEFAULT CHARSET=utf8mb4 COLLATE=utf8mb4_bin;

-- Listage des données de la table fe_engage_bond_ring.heros : ~0 rows (environ)
INSERT INTO `heros` (`idHeros`, `emplacement`, `nom`, `idEmblem`) VALUES
	(1, 1, 'Shiida', 1),
	(2, 2, 'Ogma', 1),
	(3, 3, 'Nabarl', 1),
	(4, 4, 'Merric', 1),
	(5, 5, 'Minerva', 1),
	(6, 6, 'Linde', 1),
	(7, 7, 'Tiki', 1),
	(8, 8, 'Kris', 1),
	(9, 9, 'Katarina', 1),
	(10, 10, 'Legion', 1),
	(11, 1, 'Alm', 2),
	(12, 2, 'Faye', 2),
	(13, 3, 'Lukas', 2),
	(14, 4, 'Silque', 2),
	(15, 5, 'Delthea', 2),
	(16, 6, 'Mae', 2),
	(17, 7, 'Genny', 2),
	(18, 8, 'Saber', 2),
	(19, 9, 'Valbar', 2),
	(20, 10, 'Conrad', 2),
	(21, 1, 'Deidre', 3),
	(22, 2, 'Arden', 3),
	(23, 3, 'Azelle', 3),
	(24, 4, 'Quan', 3),
	(25, 5, 'Ethlyn', 3),
	(26, 6, 'Ayra', 3),
	(27, 7, 'Lachesis', 3),
	(28, 8, 'Lewyn', 3),
	(29, 9, 'Erinys', 3),
	(30, 10, 'Seliph', 3),
	(31, 1, 'Nanna', 4),
	(32, 2, 'Finn', 4),
	(33, 3, 'Osian', 4),
	(34, 4, 'Asbel', 4),
	(35, 5, 'Shiva', 4),
	(36, 6, 'Olwen', 4),
	(37, 7, 'Mareeta', 4),
	(38, 8, 'Linoan', 4),
	(39, 9, 'Sara', 4),
	(40, 10, 'Ced', 4),
	(41, 1, 'Lilina', 5),
	(42, 2, 'Wolt', 5),
	(43, 3, 'Dieck', 5),
	(44, 4, 'Lugh', 5),
	(45, 5, 'Rutger', 5),
	(46, 6, 'Fir', 5),
	(47, 7, 'Raigh', 5),
	(48, 8, 'Cecilia', 5),
	(49, 9, 'Sophia', 5),
	(50, 10, 'Fae', 5),
	(51, 1, 'Eliwood', 6),
	(52, 2, 'Hector', 6),
	(53, 3, 'Florina', 6),
	(54, 4, 'Dorcas', 6),
	(55, 5, 'Serra', 6),
	(56, 6, 'Matthew', 6),
	(57, 7, 'Rebecca', 6),
	(58, 8, 'Ninian', 6),
	(59, 9, 'Nino', 6),
	(60, 10, 'Jaffar', 6),
	(61, 1, 'Seth', 7),
	(62, 2, 'Ross', 7),
	(63, 3, 'Lute', 7),
	(64, 4, 'Joshua', 7),
	(65, 5, 'Tana', 7),
	(66, 6, 'Amelia', 7),
	(67, 7, 'Innes', 7),
	(68, 8, 'Gerik', 7),
	(69, 9, 'Marisa', 7),
	(70, 10, 'L\'Arachel', 7),
	(71, 1, 'Mist', 8),
	(72, 2, 'Titania', 8),
	(73, 3, 'Shinon', 8),
	(74, 4, 'Gatorie', 8),
	(75, 5, 'Soren', 8),
	(76, 6, 'Mia', 8),
	(77, 7, 'Ilyana', 8),
	(78, 8, 'Lethe', 8),
	(79, 9, 'Ranulf', 8),
	(80, 10, 'Greil', 8),
	(81, 1, 'Sothe', 9),
	(82, 2, 'Nailah', 9),
	(83, 3, 'Elincia', 9),
	(84, 4, 'Leanne', 9),
	(85, 5, 'Nephenie', 9),
	(86, 6, 'Sanaki', 9),
	(87, 7, 'Naesala', 9),
	(88, 8, 'Tibarn', 9),
	(89, 9, 'Caineghis', 9),
	(90, 10, 'Chevalier Noir', 9),
	(91, 1, 'Chrom', 10),
	(92, 2, 'Lissa', 10),
	(93, 3, 'Gaius', 10),
	(94, 4, 'Cordelia', 10),
	(95, 5, 'Nowi', 10),
	(96, 6, 'Tharja', 10),
	(97, 7, 'Owain', 10),
	(98, 8, 'Iñigo', 10),
	(99, 9, 'Severa', 10),
	(100, 10, 'Linfan', 10),
	(101, 1, 'Azura', 11),
	(102, 2, 'Ryoma', 11),
	(103, 3, 'Hinoka', 11),
	(104, 4, 'Takumi', 11),
	(105, 5, 'Sakura', 11),
	(106, 6, 'Xander', 11),
	(107, 7, 'Camilla', 11),
	(108, 8, 'Leo', 11),
	(109, 9, 'Elise', 11),
	(110, 10, 'Jakob', 11),
	(111, 1, 'Edelgard', 12),
	(112, 2, 'Ferdinand', 12),
	(113, 3, 'Bernadetta', 12),
	(114, 4, 'Dimitri', 12),
	(115, 5, 'Felix', 12),
	(116, 6, 'Ingrid', 12),
	(117, 7, 'Claude', 12),
	(118, 8, 'Raphael', 12),
	(119, 9, 'Lysithea', 12),
	(120, 10, 'Flayn', 12);

-- Listage de la structure de table fe_engage_bond_ring. qtt
CREATE TABLE IF NOT EXISTS `qtt` (
  `idHeros` int NOT NULL,
  `idAnneau` int NOT NULL,
  `qtt` int DEFAULT '0',
  PRIMARY KEY (`idHeros`,`idAnneau`),
  KEY `idAnneau` (`idAnneau`),
  CONSTRAINT `qtt_ibfk_1` FOREIGN KEY (`idHeros`) REFERENCES `heros` (`idHeros`),
  CONSTRAINT `qtt_ibfk_2` FOREIGN KEY (`idAnneau`) REFERENCES `anneau` (`idAnneau`)
) ENGINE=InnoDB DEFAULT CHARSET=utf8mb4 COLLATE=utf8mb4_bin;

-- Listage des données de la table fe_engage_bond_ring.qtt : ~480 rows (environ)
INSERT INTO `qtt` (`idHeros`, `idAnneau`, `qtt`) VALUES
	(1, 1, 0),
	(1, 2, 0),
	(1, 3, 0),
	(1, 4, 0),
	(2, 1, 0),
	(2, 2, 0),
	(2, 3, 0),
	(2, 4, 0),
	(3, 1, 0),
	(3, 2, 0),
	(3, 3, 0),
	(3, 4, 0),
	(4, 1, 0),
	(4, 2, 0),
	(4, 3, 0),
	(4, 4, 0),
	(5, 1, 0),
	(5, 2, 0),
	(5, 3, 0),
	(5, 4, 0),
	(6, 1, 0),
	(6, 2, 0),
	(6, 3, 0),
	(6, 4, 0),
	(7, 1, 0),
	(7, 2, 0),
	(7, 3, 0),
	(7, 4, 0),
	(8, 1, 0),
	(8, 2, 0),
	(8, 3, 0),
	(8, 4, 0),
	(9, 1, 0),
	(9, 2, 0),
	(9, 3, 0),
	(9, 4, 0),
	(10, 1, 0),
	(10, 2, 0),
	(10, 3, 0),
	(10, 4, 0),
	(11, 1, 0),
	(11, 2, 0),
	(11, 3, 0),
	(11, 4, 0),
	(12, 1, 0),
	(12, 2, 0),
	(12, 3, 0),
	(12, 4, 0),
	(13, 1, 0),
	(13, 2, 0),
	(13, 3, 0),
	(13, 4, 0),
	(14, 1, 0),
	(14, 2, 0),
	(14, 3, 0),
	(14, 4, 0),
	(15, 1, 0),
	(15, 2, 0),
	(15, 3, 0),
	(15, 4, 0),
	(16, 1, 0),
	(16, 2, 0),
	(16, 3, 0),
	(16, 4, 0),
	(17, 1, 0),
	(17, 2, 0),
	(17, 3, 0),
	(17, 4, 0),
	(18, 1, 0),
	(18, 2, 0),
	(18, 3, 0),
	(18, 4, 0),
	(19, 1, 0),
	(19, 2, 0),
	(19, 3, 0),
	(19, 4, 0),
	(20, 1, 0),
	(20, 2, 0),
	(20, 3, 0),
	(20, 4, 0),
	(21, 1, 0),
	(21, 2, 0),
	(21, 3, 0),
	(21, 4, 0),
	(22, 1, 0),
	(22, 2, 0),
	(22, 3, 0),
	(22, 4, 0),
	(23, 1, 0),
	(23, 2, 0),
	(23, 3, 0),
	(23, 4, 0),
	(24, 1, 0),
	(24, 2, 0),
	(24, 3, 0),
	(24, 4, 0),
	(25, 1, 0),
	(25, 2, 0),
	(25, 3, 0),
	(25, 4, 0),
	(26, 1, 0),
	(26, 2, 0),
	(26, 3, 0),
	(26, 4, 0),
	(27, 1, 0),
	(27, 2, 0),
	(27, 3, 0),
	(27, 4, 0),
	(28, 1, 0),
	(28, 2, 0),
	(28, 3, 0),
	(28, 4, 0),
	(29, 1, 0),
	(29, 2, 0),
	(29, 3, 0),
	(29, 4, 0),
	(30, 1, 0),
	(30, 2, 0),
	(30, 3, 0),
	(30, 4, 0),
	(31, 1, 0),
	(31, 2, 0),
	(31, 3, 0),
	(31, 4, 0),
	(32, 1, 0),
	(32, 2, 0),
	(32, 3, 0),
	(32, 4, 0),
	(33, 1, 0),
	(33, 2, 0),
	(33, 3, 0),
	(33, 4, 0),
	(34, 1, 0),
	(34, 2, 0),
	(34, 3, 0),
	(34, 4, 0),
	(35, 1, 0),
	(35, 2, 0),
	(35, 3, 0),
	(35, 4, 0),
	(36, 1, 0),
	(36, 2, 0),
	(36, 3, 0),
	(36, 4, 0),
	(37, 1, 0),
	(37, 2, 0),
	(37, 3, 0),
	(37, 4, 0),
	(38, 1, 0),
	(38, 2, 0),
	(38, 3, 0),
	(38, 4, 0),
	(39, 1, 0),
	(39, 2, 0),
	(39, 3, 0),
	(39, 4, 0),
	(40, 1, 0),
	(40, 2, 0),
	(40, 3, 0),
	(40, 4, 0),
	(41, 1, 0),
	(41, 2, 0),
	(41, 3, 0),
	(41, 4, 0),
	(42, 1, 0),
	(42, 2, 0),
	(42, 3, 0),
	(42, 4, 0),
	(43, 1, 0),
	(43, 2, 0),
	(43, 3, 0),
	(43, 4, 0),
	(44, 1, 0),
	(44, 2, 0),
	(44, 3, 0),
	(44, 4, 0),
	(45, 1, 0),
	(45, 2, 0),
	(45, 3, 0),
	(45, 4, 0),
	(46, 1, 0),
	(46, 2, 0),
	(46, 3, 0),
	(46, 4, 0),
	(47, 1, 0),
	(47, 2, 0),
	(47, 3, 0),
	(47, 4, 0),
	(48, 1, 0),
	(48, 2, 0),
	(48, 3, 0),
	(48, 4, 0),
	(49, 1, 0),
	(49, 2, 0),
	(49, 3, 0),
	(49, 4, 0),
	(50, 1, 0),
	(50, 2, 0),
	(50, 3, 0),
	(50, 4, 0),
	(51, 1, 0),
	(51, 2, 0),
	(51, 3, 0),
	(51, 4, 0),
	(52, 1, 0),
	(52, 2, 0),
	(52, 3, 0),
	(52, 4, 0),
	(53, 1, 0),
	(53, 2, 0),
	(53, 3, 0),
	(53, 4, 0),
	(54, 1, 0),
	(54, 2, 0),
	(54, 3, 0),
	(54, 4, 0),
	(55, 1, 0),
	(55, 2, 0),
	(55, 3, 0),
	(55, 4, 0),
	(56, 1, 0),
	(56, 2, 0),
	(56, 3, 0),
	(56, 4, 0),
	(57, 1, 0),
	(57, 2, 0),
	(57, 3, 0),
	(57, 4, 0),
	(58, 1, 0),
	(58, 2, 0),
	(58, 3, 0),
	(58, 4, 0),
	(59, 1, 0),
	(59, 2, 0),
	(59, 3, 0),
	(59, 4, 0),
	(60, 1, 0),
	(60, 2, 0),
	(60, 3, 0),
	(60, 4, 0),
	(61, 1, 0),
	(61, 2, 0),
	(61, 3, 0),
	(61, 4, 0),
	(62, 1, 0),
	(62, 2, 0),
	(62, 3, 0),
	(62, 4, 0),
	(63, 1, 0),
	(63, 2, 0),
	(63, 3, 0),
	(63, 4, 0),
	(64, 1, 0),
	(64, 2, 0),
	(64, 3, 0),
	(64, 4, 0),
	(65, 1, 0),
	(65, 2, 0),
	(65, 3, 0),
	(65, 4, 0),
	(66, 1, 0),
	(66, 2, 0),
	(66, 3, 0),
	(66, 4, 0),
	(67, 1, 0),
	(67, 2, 0),
	(67, 3, 0),
	(67, 4, 0),
	(68, 1, 0),
	(68, 2, 0),
	(68, 3, 0),
	(68, 4, 0),
	(69, 1, 0),
	(69, 2, 0),
	(69, 3, 0),
	(69, 4, 0),
	(70, 1, 0),
	(70, 2, 0),
	(70, 3, 0),
	(70, 4, 0),
	(71, 1, 0),
	(71, 2, 0),
	(71, 3, 0),
	(71, 4, 0),
	(72, 1, 0),
	(72, 2, 0),
	(72, 3, 0),
	(72, 4, 0),
	(73, 1, 0),
	(73, 2, 0),
	(73, 3, 0),
	(73, 4, 0),
	(74, 1, 0),
	(74, 2, 0),
	(74, 3, 0),
	(74, 4, 0),
	(75, 1, 0),
	(75, 2, 0),
	(75, 3, 0),
	(75, 4, 0),
	(76, 1, 0),
	(76, 2, 0),
	(76, 3, 0),
	(76, 4, 0),
	(77, 1, 0),
	(77, 2, 0),
	(77, 3, 0),
	(77, 4, 0),
	(78, 1, 0),
	(78, 2, 0),
	(78, 3, 0),
	(78, 4, 0),
	(79, 1, 0),
	(79, 2, 0),
	(79, 3, 0),
	(79, 4, 0),
	(80, 1, 0),
	(80, 2, 0),
	(80, 3, 0),
	(80, 4, 0),
	(81, 1, 0),
	(81, 2, 0),
	(81, 3, 0),
	(81, 4, 0),
	(82, 1, 0),
	(82, 2, 0),
	(82, 3, 0),
	(82, 4, 0),
	(83, 1, 0),
	(83, 2, 0),
	(83, 3, 0),
	(83, 4, 0),
	(84, 1, 0),
	(84, 2, 0),
	(84, 3, 0),
	(84, 4, 0),
	(85, 1, 0),
	(85, 2, 0),
	(85, 3, 0),
	(85, 4, 0),
	(86, 1, 0),
	(86, 2, 0),
	(86, 3, 0),
	(86, 4, 0),
	(87, 1, 0),
	(87, 2, 0),
	(87, 3, 0),
	(87, 4, 0),
	(88, 1, 0),
	(88, 2, 0),
	(88, 3, 0),
	(88, 4, 0),
	(89, 1, 0),
	(89, 2, 0),
	(89, 3, 0),
	(89, 4, 0),
	(90, 1, 0),
	(90, 2, 0),
	(90, 3, 0),
	(90, 4, 0),
	(91, 1, 0),
	(91, 2, 0),
	(91, 3, 0),
	(91, 4, 0),
	(92, 1, 0),
	(92, 2, 0),
	(92, 3, 0),
	(92, 4, 0),
	(93, 1, 0),
	(93, 2, 0),
	(93, 3, 0),
	(93, 4, 0),
	(94, 1, 0),
	(94, 2, 0),
	(94, 3, 0),
	(94, 4, 0),
	(95, 1, 0),
	(95, 2, 0),
	(95, 3, 0),
	(95, 4, 0),
	(96, 1, 0),
	(96, 2, 0),
	(96, 3, 0),
	(96, 4, 0),
	(97, 1, 0),
	(97, 2, 0),
	(97, 3, 0),
	(97, 4, 0),
	(98, 1, 0),
	(98, 2, 0),
	(98, 3, 0),
	(98, 4, 0),
	(99, 1, 0),
	(99, 2, 0),
	(99, 3, 0),
	(99, 4, 0),
	(100, 1, 0),
	(100, 2, 0),
	(100, 3, 0),
	(100, 4, 0),
	(101, 1, 0),
	(101, 2, 0),
	(101, 3, 0),
	(101, 4, 0),
	(102, 1, 0),
	(102, 2, 0),
	(102, 3, 0),
	(102, 4, 0),
	(103, 1, 0),
	(103, 2, 0),
	(103, 3, 0),
	(103, 4, 0),
	(104, 1, 0),
	(104, 2, 0),
	(104, 3, 0),
	(104, 4, 0),
	(105, 1, 0),
	(105, 2, 0),
	(105, 3, 0),
	(105, 4, 0),
	(106, 1, 0),
	(106, 2, 0),
	(106, 3, 0),
	(106, 4, 0),
	(107, 1, 0),
	(107, 2, 0),
	(107, 3, 0),
	(107, 4, 0),
	(108, 1, 0),
	(108, 2, 0),
	(108, 3, 0),
	(108, 4, 0),
	(109, 1, 0),
	(109, 2, 0),
	(109, 3, 0),
	(109, 4, 0),
	(110, 1, 0),
	(110, 2, 0),
	(110, 3, 0),
	(110, 4, 0),
	(111, 1, 0),
	(111, 2, 0),
	(111, 3, 0),
	(111, 4, 0),
	(112, 1, 0),
	(112, 2, 0),
	(112, 3, 0),
	(112, 4, 0),
	(113, 1, 0),
	(113, 2, 0),
	(113, 3, 0),
	(113, 4, 0),
	(114, 1, 0),
	(114, 2, 0),
	(114, 3, 0),
	(114, 4, 0),
	(115, 1, 0),
	(115, 2, 0),
	(115, 3, 0),
	(115, 4, 0),
	(116, 1, 0),
	(116, 2, 0),
	(116, 3, 0),
	(116, 4, 0),
	(117, 1, 0),
	(117, 2, 0),
	(117, 3, 0),
	(117, 4, 0),
	(118, 1, 0),
	(118, 2, 0),
	(118, 3, 0),
	(118, 4, 0),
	(119, 1, 0),
	(119, 2, 0),
	(119, 3, 0),
	(119, 4, 0),
	(120, 1, 0),
	(120, 2, 0),
	(120, 3, 0),
	(120, 4, 0);

/*!40103 SET TIME_ZONE=IFNULL(@OLD_TIME_ZONE, 'system') */;
/*!40101 SET SQL_MODE=IFNULL(@OLD_SQL_MODE, '') */;
/*!40014 SET FOREIGN_KEY_CHECKS=IFNULL(@OLD_FOREIGN_KEY_CHECKS, 1) */;
/*!40101 SET CHARACTER_SET_CLIENT=@OLD_CHARACTER_SET_CLIENT */;
/*!40111 SET SQL_NOTES=IFNULL(@OLD_SQL_NOTES, 1) */;
